iata,skyId,image
LHR,LHR,https://content.skyscnr.com/34f61dd7f8deb4059c12b0b8de9ee002/GettyImages-472229890.jpg
LGW,LGW,https://content.skyscnr.com/1017dd4cef7a773021e1b335b3410d30/GettyImages-487828389.jpg
STN,RZV,https://content.skyscnr.com/0c1b0ffcf42566b18ce3934ccf32c415/GettyImages-136909106.jpg
LTN,LTN,https://content.skyscnr.com/e0241c97c2b33b71e9c278bc89bb17ed/GettyImages-178640523.jpg
LCY,LCY,https://content.skyscnr.com/0c1b0ffcf42566b18ce3934ccf32c415/GettyImages-136909106.jpg
MAN,MAN,https://content.skyscnr.com/1017dd4cef7a773021e1b335b3410d30/GettyImages-487828389.jpg
EDI,EDI,https://content.skyscnr.com/d23308b5729b733820564edb659313d2/GettyImages-474693922.jpg
BHX,BHX,https://content.skyscnr.com/16636d692d5905702ad23e3d35c65e48/GettyImages-178367416.jpg
GLA,GLA,https://content.skyscnr.com/f348d79cfdf70286dc759d24618a23c3/GettyImages-182281845.jpg
BRS,BRS,https://content.skyscnr.com/f348d79cfdf70286dc759d24618a23c3/GettyImages-182281845.jpg
NCL,NCL,https://content.skyscnr.com/f348d79cfdf70286dc759d24618a23c3/GettyImages-182281845.jpg
LPL,LPL,https://content.skyscnr.com/e0241c97c2b33b71e9c278bc89bb17ed/GettyImages-178640523.jpg
BFS,BFS,https://content.skyscnr.com/e0241c97c2b33b71e9c278bc89bb17ed/GettyImages-178640523.jpg
LBA,LBA,https://content.skyscnr.com/917a21468839141dd406892864a9f52e/GettyImages-490614171.jpg
EMA,EMA,https://content.skyscnr.com/f348d79cfdf70286dc759d24618a23c3/GettyImages-182281845.jpg
ABZ,ABZ,https://content.skyscnr.com/f348d79cfdf70286dc759d24618a23c3/GettyImages-182281845.jpg
SOU,RZV,https://content.skyscnr.com/16636d692d5905702ad23e3d35c65e48/GettyImages-178367416.jpg
EXT,EXT,https://content.skyscnr.com/16636d692d5905702ad23e3d35c65e48/GettyImages-178367416.jpg
CWL,CWL,https://content.skyscnr.com/3d9991cce5c6c4933f8ec0969785cc4c/GettyImages-100590065.jpg
BCN,BCN,https://content.skyscnr.com/f348d79cfdf70286dc759d24618a23c3/GettyImages-182281845.jpg
MAD,MAD,https://content.skyscnr.com/0c1b0ffcf42566b18ce3934ccf32c415/GettyImages-136909106.jpg
AGP,AGP,https://content.skyscnr.com/26babb582bc1d7572fed1877d7f81fa6/GettyImages-181391203.jpg
PMI,PMI,https://content.skyscnr.com/26babb582bc1d7572fed1877d7f81fa6/GettyImages-181391203.jpg
VLC,RZV,https://content.skyscnr.com/f348d79cfdf70286dc759d24618a23c3/GettyImages-182281845.jpg
SVQ,RZV,https://content.skyscnr.com/26babb582bc1d7572fed1877d7f81fa6/GettyImages-181391203.jpg
BIO,BIO,https://content.skyscnr.com/f348d79cfdf70286dc759d24618a23c3/GettyImages-182281845.jpg
ALC,ALC,https://content.skyscnr.com/f348d79cfdf70286dc759d24618a23c3/GettyImages-182281845.jpg
IBZ,IBZ,https://content.skyscnr.com/ff74ff6df34c2b06f6f895e14fe32512/GettyImages-100891056.jpg
TFS,RZV,https://content.skyscnr.com/f348d79cfdf70286dc759d24618a23c3/GettyImages-182281845.jpg
TFN,RZV,https://content.skyscnr.com/bdea895ca2746a767312cb9ff9ab9186/GettyImages-502736148.jpg
LPA,LPA,https://content.skyscnr.com/f348d79cfdf70286dc759d24618a23c3/GettyImages-182281845.jpg
ACE,ACE,https://content.skyscnr.com/f348d79cfdf70286dc759d24618a23c3/GettyImages-182281845.jpg
FUE,FUE,https://content.skyscnr.com/f348d79cfdf70286dc759d24618a23c3/GettyImages-182281845.jpg
MAH,MAH,https://content.skyscnr.com/917a21468839141dd406892864a9f52e/GettyImages-490614171.jpg
SCQ,RZV,https://content.skyscnr.com/f348d79cfdf70286dc759d24618a23c3/GettyImages-182281845.jpg
CDG,CDG,https://content.skyscnr.com/d23308b5729b733820564edb659313d2/GettyImages-474693922.jpg
ORY,ORY,https://content.skyscnr.com/d23308b5729b733820564edb659313d2/GettyImages-474693922.jpg
NCE,NCE,https://content.skyscnr.com/d23308b5729b733820564edb659313d2/GettyImages-474693922.jpg
MRS,MRS,https://content.skyscnr.com/acc18b20b3d6fc6edee095dc709c2e8a/GettyImages-516505363.jpg
LYS,LYS,https://content.skyscnr.com/12b715db2fe88a58ee57ae99b985b32a/GettyImages-153734070.jpg
TLS,RZV,https://content.skyscnr.com/12b715db2fe88a58ee57ae99b985b32a/GettyImages-153734070.jpg
BOD,BOD,https://content.skyscnr.com/12b715db2fe88a58ee57ae99b985b32a/GettyImages-153734070.jpg
NTE,NTE,https://content.skyscnr.com/12b715db2fe88a58ee57ae99b985b32a/GettyImages-153734070.jpg
MPL,MPL,https://content.skyscnr.com/12b715db2fe88a58ee57ae99b985b32a/GettyImages-153734070.jpg
SXB,RZV,https://content.skyscnr.com/12b715db2fe88a58ee57ae99b985b32a/GettyImages-153734070.jpg
BIQ,BIQ,https://content.skyscnr.com/12b715db2fe88a58ee57ae99b985b32a/GettyImages-153734070.jpg
AMS,AMS,https://content.skyscnr.com/12b715db2fe88a58ee57ae99b985b32a/GettyImages-153734070.jpg
EIN,EIN,https://content.skyscnr.com/69907554dc47aab9e74edf172e01fb44/GettyImages-516984709.jpg
RTM,RTM,https://content.skyscnr.com/69907554dc47aab9e74edf172e01fb44/GettyImages-516984709.jpg
GRQ,GRQ,https://content.skyscnr.com/e2ef29b11c3586421a32b14b9951b01c/gettyimages-673156625.jpg
FCO,FCO,https://content.skyscnr.com/d8b51b5ac10c64a8e76d2dfa2eff063b/GettyImages-123180405.jpg
MXP,MXP,https://content.skyscnr.com/dd114ccd4424789005cbd0f6cd8881e1/GettyImages-131906563.jpg
LIN,LIN,https://content.skyscnr.com/dd114ccd4424789005cbd0f6cd8881e1/GettyImages-131906563.jpg
VCE,RZV,https://content.skyscnr.com/dd114ccd4424789005cbd0f6cd8881e1/GettyImages-131906563.jpg
NAP,NAP,https://content.skyscnr.com/ec6e1a573dde92117986911e9c097f0b/GettyImages-462416635.jpg
BGY,BGY,https://content.skyscnr.com/ec6e1a573dde92117986911e9c097f0b/GettyImages-462416635.jpg
PSA,PSA,https://content.skyscnr.com/ec6e1a573dde92117986911e9c097f0b/GettyImages-462416635.jpg
FLR,FLR,https://content.skyscnr.com/e0a42512a8f7baba699430c43d90e339/GettyImages-465582049.jpg
TRN,RZV,https://content.skyscnr.com/ec6e1a573dde92117986911e9c097f0b/GettyImages-462416635.jpg
BLQ,BLQ,https://content.skyscnr.com/ec6e1a573dde92117986911e9c097f0b/GettyImages-462416635.jpg
CTA,CTA,https://content.skyscnr.com/4256a18a3673a5f3926fc37bb2b80beb/GettyImages-517678055.jpg
PMO,PMO,https://content.skyscnr.com/e0a42512a8f7baba699430c43d90e339/GettyImages-465582049.jpg
BRI,BRI,https://content.skyscnr.com/1774d53524a0a485c5c990678a472cf6/GettyImages-503612842.jpg
VRN,RZV,https://content.skyscnr.com/0012f421f0682d22815185912d6e105c/GettyImages-481711830.jpg
TSF,RZV,https://content.skyscnr.com/ec26cc7ac3371abc1b8ea45df0b88791/GettyImages-480882769.jpg
CAG,CAG,https://content.skyscnr.com/ec26cc7ac3371abc1b8ea45df0b88791/GettyImages-480882769.jpg
FRA,FRA,https://content.skyscnr.com/ec26cc7ac3371abc1b8ea45df0b88791/GettyImages-480882769.jpg
MUC,MUC,https://content.skyscnr.com/6ee766b3cf0f075d4f8bc2cab3471747/GettyImages-475444191.jpg
BER,BER,https://content.skyscnr.com/m/4bead20c4361686/original/GettyImages-148613833-Saudi-Arabia.jpeg
DUS,DUS,https://content.skyscnr.com/m/4bead20c4361686/original/GettyImages-148613833-Saudi-Arabia.jpeg
HAM,HAM,https://content.skyscnr.com/m/4bead20c4361686/original/GettyImages-148613833-Saudi-Arabia.jpeg
CGN,CGN,https://content.skyscnr.com/aa63694be729955d3709259f1cd989ea/GettyImages-484018307.jpg
STR,RZV,https://content.skyscnr.com/aa63694be729955d3709259f1cd989ea/GettyImages-484018307.jpg
NUE,NUE,https://content.skyscnr.com/db465e93dcaad614e9bfcaddb5865e36/GettyImages-505777764.jpg
HAJ,HAJ,https://content.skyscnr.com/0e13dd0394a185394d5f95a264f7a91e/GettyImages-488017022.jpg
LEJ,LEJ,https://content.skyscnr.com/0e13dd0394a185394d5f95a264f7a91e/GettyImages-488017022.jpg
BRE,BRE,https://content.skyscnr.com/afeafa38f5fb83923c9c58f78bdc195c/GettyImages-185526100.jpg
DRS,DRS,https://content.skyscnr.com/5e4a1d8925d4eb1e09b6e67944054d51/GettyImages-480145073.jpg
DTM,DTM,https://content.skyscnr.com/a6f52c4479a7e3a1d6fe71b924a2b039/GettyImages-454231583.jpg
BRU,BRU,https://content.skyscnr.com/7815bd951e38c30da006f80f2000aa2b/GettyImages-533574555.jpg
CRL,CRL,https://content.skyscnr.com/0c1b0ffcf42566b18ce3934ccf32c415/GettyImages-136909106.jpg
ANR,ANR,https://content.skyscnr.com/m/4bead20c4361686/original/GettyImages-148613833-Saudi-Arabia.jpeg
LGG,LGG,https://content.skyscnr.com/34f61dd7f8deb4059c12b0b8de9ee002/GettyImages-472229890.jpg
OST,OST,https://content.skyscnr.com/1017dd4cef7a773021e1b335b3410d30/GettyImages-487828389.jpg
VIE,RZV,https://content.skyscnr.com/0c1b0ffcf42566b18ce3934ccf32c415/GettyImages-136909106.jpg
SZG,RZV,https://content.skyscnr.com/e0241c97c2b33b71e9c278bc89bb17ed/GettyImages-178640523.jpg
INN,INN,https://content.skyscnr.com/0c1b0ffcf42566b18ce3934ccf32c415/GettyImages-136909106.jpg
GRZ,GRZ,https://content.skyscnr.com/1017dd4cef7a773021e1b335b3410d30/GettyImages-487828389.jpg
LNZ,LNZ,https://content.skyscnr.com/d23308b5729b733820564edb659313d2/GettyImages-474693922.jpg
ZRH,RZV,https://content.skyscnr.com/16636d692d5905702ad23e3d35c65e48/GettyImages-178367416.jpg
GVA,GVA,https://content.skyscnr.com/f348d79cfdf70286dc759d24618a23c3/GettyImages-182281845.jpg
BSL,BSL,https://content.skyscnr.com/f348d79cfdf70286dc759d24618a23c3/GettyImages-182281845.jpg
BRN,BRN,https://content.skyscnr.com/f348d79cfdf70286dc759d24618a23c3/GettyImages-182281845.jpg
LUG,LUD,https://content.skyscnr.com/e0241c97c2b33b71e9c278bc89bb17ed/GettyImages-178640523.jpg
CPH,CPH,https://content.skyscnr.com/e0241c97c2b33b71e9c278bc89bb17ed/GettyImages-178640523.jpg
AAR,AAR,https://content.skyscnr.com/917a21468839141dd406892864a9f52e/GettyImages-490614171.jpg
BLL,BLL,https://content.skyscnr.com/f348d79cfdf70286dc759d24618a23c3/GettyImages-182281845.jpg
AAL,AAL,https://content.skyscnr.com/f348d79cfdf70286dc759d24618a23c3/GettyImages-182281845.jpg
OSL,OSL,https://content.skyscnr.com/16636d692d5905702ad23e3d35c65e48/GettyImages-178367416.jpg
BGO,BGO,https://content.skyscnr.com/16636d692d5905702ad23e3d35c65e48/GettyImages-178367416.jpg
TRD,RZV,https://content.skyscnr.com/3d9991cce5c6c4933f8ec0969785cc4c/GettyImages-100590065.jpg
SVG,RZV,https://content.skyscnr.com/f348d79cfdf70286dc759d24618a23c3/GettyImages-182281845.jpg
TOS,RZV,https://content.skyscnr.com/0c1b0ffcf42566b18ce3934ccf32c415/GettyImages-136909106.jpg
BOO,BOO,https://content.skyscnr.com/26babb582bc1d7572fed1877d7f81fa6/GettyImages-181391203.jpg
ARN,ARN,https://content.skyscnr.com/26babb582bc1d7572fed1877d7f81fa6/GettyImages-181391203.jpg
BMA,BMA,https://content.skyscnr.com/f348d79cfdf70286dc759d24618a23c3/GettyImages-182281845.jpg
GOT,GOT,https://content.skyscnr.com/26babb582bc1d7572fed1877d7f81fa6/GettyImages-181391203.jpg
MMX,MMX,https://content.skyscnr.com/f348d79cfdf70286dc759d24618a23c3/GettyImages-182281845.jpg
LLA,LLA,https://content.skyscnr.com/f348d79cfdf70286dc759d24618a23c3/GettyImages-182281845.jpg
UME,RZV,https://content.skyscnr.com/ff74ff6df34c2b06f6f895e14fe32512/GettyImages-100891056.jpg
HEL,HEL,https://content.skyscnr.com/f348d79cfdf70286dc759d24618a23c3/GettyImages-182281845.jpg
TMP,RZV,https://content.skyscnr.com/bdea895ca2746a767312cb9ff9ab9186/GettyImages-502736148.jpg
TKU,RZV,https://content.skyscnr.com/f348d79cfdf70286dc759d24618a23c3/GettyImages-182281845.jpg
OUL,OUL,https://content.skyscnr.com/f348d79cfdf70286dc759d24618a23c3/GettyImages-182281845.jpg
RVN,RVN,https://content.skyscnr.com/f348d79cfdf70286dc759d24618a23c3/GettyImages-182281845.jpg
DUB,DUB,https://content.skyscnr.com/917a21468839141dd406892864a9f52e/GettyImages-490614171.jpg
ORK,ORK,https://content.skyscnr.com/f348d79cfdf70286dc759d24618a23c3/GettyImages-182281845.jpg
SNN,RZV,https://content.skyscnr.com/d23308b5729b733820564edb659313d2/GettyImages-474693922.jpg
KNO,KNO,https://content.skyscnr.com/d23308b5729b733820564edb659313d2/GettyImages-474693922.jpg
KIR,KIR,https://content.skyscnr.com/d23308b5729b733820564edb659313d2/GettyImages-474693922.jpg
LIS,LIS,https://content.skyscnr.com/acc18b20b3d6fc6edee095dc709c2e8a/GettyImages-516505363.jpg
OPO,OPO,https://content.skyscnr.com/12b715db2fe88a58ee57ae99b985b32a/GettyImages-153734070.jpg
FAO,FAO,https://content.skyscnr.com/12b715db2fe88a58ee57ae99b985b32a/GettyImages-153734070.jpg
FNC,FNC,https://content.skyscnr.com/12b715db2fe88a58ee57ae99b985b32a/GettyImages-153734070.jpg
PDL,PDL,https://content.skyscnr.com/12b715db2fe88a58ee57ae99b985b32a/GettyImages-153734070.jpg
ATH,ATH,https://content.skyscnr.com/12b715db2fe88a58ee57ae99b985b32a/GettyImages-153734070.jpg
SKG,RZV,https://content.skyscnr.com/12b715db2fe88a58ee57ae99b985b32a/GettyImages-153734070.jpg
HER,HER,https://content.skyscnr.com/12b715db2fe88a58ee57ae99b985b32a/GettyImages-153734070.jpg
RHO,RHO,https://content.skyscnr.com/12b715db2fe88a58ee57ae99b985b32a/GettyImages-153734070.jpg
CFU,CFU,https://content.skyscnr.com/69907554dc47aab9e74edf172e01fb44/GettyImages-516984709.jpg
CHQ,CHQ,https://content.skyscnr.com/69907554dc47aab9e74edf172e01fb44/GettyImages-516984709.jpg
KGS,KGS,https://content.skyscnr.com/e2ef29b11c3586421a32b14b9951b01c/gettyimages-673156625.jpg
MJT,MJT,https://content.skyscnr.com/d8b51b5ac10c64a8e76d2dfa2eff063b/GettyImages-123180405.jpg
JMK,JMK,https://content.skyscnr.com/dd114ccd4424789005cbd0f6cd8881e1/GettyImages-131906563.jpg
JTR,JTR,https://content.skyscnr.com/dd114ccd4424789005cbd0f6cd8881e1/GettyImages-131906563.jpg
PRG,PRG,https://content.skyscnr.com/dd114ccd4424789005cbd0f6cd8881e1/GettyImages-131906563.jpg
BRQ,BRQ,https://content.skyscnr.com/ec6e1a573dde92117986911e9c097f0b/GettyImages-462416635.jpg
OSR,OSR,https://content.skyscnr.com/ec6e1a573dde92117986911e9c097f0b/GettyImages-462416635.jpg
WAW,RZV,https://content.skyscnr.com/ec6e1a573dde92117986911e9c097f0b/GettyImages-462416635.jpg
KRK,KRK,https://content.skyscnr.com/e0a42512a8f7baba699430c43d90e339/GettyImages-465582049.jpg
GDN,GDN,https://content.skyscnr.com/ec6e1a573dde92117986911e9c097f0b/GettyImages-462416635.jpg
WRO,RZV,https://content.skyscnr.com/ec6e1a573dde92117986911e9c097f0b/GettyImages-462416635.jpg
POZ,POZ,https://content.skyscnr.com/4256a18a3673a5f3926fc37bb2b80beb/GettyImages-517678055.jpg
KTW,KTW,https://content.skyscnr.com/e0a42512a8f7baba699430c43d90e339/GettyImages-465582049.jpg
RZE,RZE,https://content.skyscnr.com/1774d53524a0a485c5c990678a472cf6/GettyImages-503612842.jpg
SZZ,RZV,https://content.skyscnr.com/0012f421f0682d22815185912d6e105c/GettyImages-481711830.jpg
BUD,BUD,https://content.skyscnr.com/ec26cc7ac3371abc1b8ea45df0b88791/GettyImages-480882769.jpg
DEB,DEB,https://content.skyscnr.com/ec26cc7ac3371abc1b8ea45df0b88791/GettyImages-480882769.jpg
OTP,OTP,https://content.skyscnr.com/ec26cc7ac3371abc1b8ea45df0b88791/GettyImages-480882769.jpg
CLJ,CLJ,https://content.skyscnr.com/6ee766b3cf0f075d4f8bc2cab3471747/GettyImages-475444191.jpg
TSR,RZV,https://content.skyscnr.com/m/4bead20c4361686/original/GettyImages-148613833-Saudi-Arabia.jpeg
IAS,IAS,https://content.skyscnr.com/m/4bead20c4361686/original/GettyImages-148613833-Saudi-Arabia.jpeg
SOF,RZV,https://content.skyscnr.com/m/4bead20c4361686/original/GettyImages-148613833-Saudi-Arabia.jpeg
VAR,RZV,https://content.skyscnr.com/aa63694be729955d3709259f1cd989ea/GettyImages-484018307.jpg
BOJ,BOJ,https://content.skyscnr.com/aa63694be729955d3709259f1cd989ea/GettyImages-484018307.jpg
PDV,PDV,https://content.skyscnr.com/db465e93dcaad614e9bfcaddb5865e36/GettyImages-505777764.jpg
BEG,BEG,https://content.skyscnr.com/0e13dd0394a185394d5f95a264f7a91e/GettyImages-488017022.jpg
INI,INI,https://content.skyscnr.com/0e13dd0394a185394d5f95a264f7a91e/GettyImages-488017022.jpg
ZAG,RZV,https://content.skyscnr.com/afeafa38f5fb83923c9c58f78bdc195c/GettyImages-185526100.jpg
SPU,RZV,https://content.skyscnr.com/5e4a1d8925d4eb1e09b6e67944054d51/GettyImages-480145073.jpg
DBV,DBV,https://content.skyscnr.com/a6f52c4479a7e3a1d6fe71b924a2b039/GettyImages-454231583.jpg
PUY,PUY,https://content.skyscnr.com/7815bd951e38c30da006f80f2000aa2b/GettyImages-533574555.jpg
ZAD,RZV,https://content.skyscnr.com/0c1b0ffcf42566b18ce3934ccf32c415/GettyImages-136909106.jpg
RJK,RJH,https://content.skyscnr.com/m/4bead20c4361686/original/GettyImages-148613833-Saudi-Arabia.jpeg
LJU,LJU,https://content.skyscnr.com/34f61dd7f8deb4059c12b0b8de9ee002/GettyImages-472229890.jpg
MBX,MBT,https://content.skyscnr.com/1017dd4cef7a773021e1b335b3410d30/GettyImages-487828389.jpg
SKP,RZV,https://content.skyscnr.com/0c1b0ffcf42566b18ce3934ccf32c415/GettyImages-136909106.jpg
OHD,OHD,https://content.skyscnr.com/e0241c97c2b33b71e9c278bc89bb17ed/GettyImages-178640523.jpg
TIA,RZV,https://content.skyscnr.com/0c1b0ffcf42566b18ce3934ccf32c415/GettyImages-136909106.jpg
PRN,PRN,https://content.skyscnr.com/1017dd4cef7a773021e1b335b3410d30/GettyImages-487828389.jpg
SJJ,RZV,https://content.skyscnr.com/d23308b5729b733820564edb659313d2/GettyImages-474693922.jpg
TGD,RZV,https://content.skyscnr.com/16636d692d5905702ad23e3d35c65e48/GettyImages-178367416.jpg
TIV,RZV,https://content.skyscnr.com/f348d79cfdf70286dc759d24618a23c3/GettyImages-182281845.jpg
RIX,RIX,https://content.skyscnr.com/f348d79cfdf70286dc759d24618a23c3/GettyImages-182281845.jpg
VNO,RZV,https://content.skyscnr.com/f348d79cfdf70286dc759d24618a23c3/GettyImages-182281845.jpg
KUN,KUN,https://content.skyscnr.com/e0241c97c2b33b71e9c278bc89bb17ed/GettyImages-178640523.jpg
TLL,RZV,https://content.skyscnr.com/e0241c97c2b33b71e9c278bc89bb17ed/GettyImages-178640523.jpg
MSQ,MSQ,https://content.skyscnr.com/917a21468839141dd406892864a9f52e/GettyImages-490614171.jpg
KBP,KBP,https://content.skyscnr.com/f348d79cfdf70286dc759d24618a23c3/GettyImages-182281845.jpg
ODS,ODS,https://content.skyscnr.com/f348d79cfdf70286dc759d24618a23c3/GettyImages-182281845.jpg
LWO,LWO,https://content.skyscnr.com/16636d692d5905702ad23e3d35c65e48/GettyImages-178367416.jpg
HRK,HRK,https://content.skyscnr.com/16636d692d5905702ad23e3d35c65e48/GettyImages-178367416.jpg
IST,IST,https://content.skyscnr.com/3d9991cce5c6c4933f8ec0969785cc4c/GettyImages-100590065.jpg
SAW,RZV,https://content.skyscnr.com/f348d79cfdf70286dc759d24618a23c3/GettyImages-182281845.jpg
AYT,AYT,https://content.skyscnr.com/0c1b0ffcf42566b18ce3934ccf32c415/GettyImages-136909106.jpg
ESB,ESB,https://content.skyscnr.com/26babb582bc1d7572fed1877d7f81fa6/GettyImages-181391203.jpg
ADB,ADB,https://content.skyscnr.com/26babb582bc1d7572fed1877d7f81fa6/GettyImages-181391203.jpg
DLM,DLM,https://content.skyscnr.com/f348d79cfdf70286dc759d24618a23c3/GettyImages-182281845.jpg
BJV,BJV,https://content.skyscnr.com/26babb582bc1d7572fed1877d7f81fa6/GettyImages-181391203.jpg
TLV,RZV,https://content.skyscnr.com/f348d79cfdf70286dc759d24618a23c3/GettyImages-182281845.jpg
CAI,CAI,https://content.skyscnr.com/f348d79cfdf70286dc759d24618a23c3/GettyImages-182281845.jpg
SSH,RZV,https://content.skyscnr.com/ff74ff6df34c2b06f6f895e14fe32512/GettyImages-100891056.jpg
HRG,HRG,https://content.skyscnr.com/f348d79cfdf70286dc759d24618a23c3/GettyImages-182281845.jpg
JFK,JFK,https://content.skyscnr.com/bdea895ca2746a767312cb9ff9ab9186/GettyImages-502736148.jpg
LGA,LGA,https://content.skyscnr.com/f348d79cfdf70286dc759d24618a23c3/GettyImages-182281845.jpg
EWR,EWR,https://content.skyscnr.com/f348d79cfdf70286dc759d24618a23c3/GettyImages-182281845.jpg
LAX,LAX,https://content.skyscnr.com/f348d79cfdf70286dc759d24618a23c3/GettyImages-182281845.jpg
ORD,ORD,https://content.skyscnr.com/917a21468839141dd406892864a9f52e/GettyImages-490614171.jpg
MDW,MDW,https://content.skyscnr.com/f348d79cfdf70286dc759d24618a23c3/GettyImages-182281845.jpg
ATL,ATL,https://content.skyscnr.com/d23308b5729b733820564edb659313d2/GettyImages-474693922.jpg
DFW,DEX,https://content.skyscnr.com/d23308b5729b733820564edb659313d2/GettyImages-474693922.jpg
IAH,IAH,https://content.skyscnr.com/d23308b5729b733820564edb659313d2/GettyImages-474693922.jpg
MIA,MIA,https://content.skyscnr.com/acc18b20b3d6fc6edee095dc709c2e8a/GettyImages-516505363.jpg
MCO,MCO,https://content.skyscnr.com/12b715db2fe88a58ee57ae99b985b32a/GettyImages-153734070.jpg
LAS,LAS,https://content.skyscnr.com/12b715db2fe88a58ee57ae99b985b32a/GettyImages-153734070.jpg
SEA,RZV,https://content.skyscnr.com/12b715db2fe88a58ee57ae99b985b32a/GettyImages-153734070.jpg
SFO,RZV,https://content.skyscnr.com/12b715db2fe88a58ee57ae99b985b32a/GettyImages-153734070.jpg
BOS,BOS,https://content.skyscnr.com/12b715db2fe88a58ee57ae99b985b32a/GettyImages-153734070.jpg
DCA,DCA,https://content.skyscnr.com/12b715db2fe88a58ee57ae99b985b32a/GettyImages-153734070.jpg
IAD,IAD,https://content.skyscnr.com/12b715db2fe88a58ee57ae99b985b32a/GettyImages-153734070.jpg
PHL,PHL,https://content.skyscnr.com/12b715db2fe88a58ee57ae99b985b32a/GettyImages-153734070.jpg
PHX,PHX,https://content.skyscnr.com/69907554dc47aab9e74edf172e01fb44/GettyImages-516984709.jpg
DEN,DEN,https://content.skyscnr.com/69907554dc47aab9e74edf172e01fb44/GettyImages-516984709.jpg
DTW,DTW,https://content.skyscnr.com/e2ef29b11c3586421a32b14b9951b01c/gettyimages-673156625.jpg
MSP,MSP,https://content.skyscnr.com/d8b51b5ac10c64a8e76d2dfa2eff063b/GettyImages-123180405.jpg
SAN,RZV,https://content.skyscnr.com/dd114ccd4424789005cbd0f6cd8881e1/GettyImages-131906563.jpg
TPA,RZV,https://content.skyscnr.com/dd114ccd4424789005cbd0f6cd8881e1/GettyImages-131906563.jpg
FLL,FLL,https://content.skyscnr.com/dd114ccd4424789005cbd0f6cd8881e1/GettyImages-131906563.jpg
BWI,BWI,https://content.skyscnr.com/ec6e1a573dde92117986911e9c097f0b/GettyImages-462416635.jpg
PDX,PDX,https://content.skyscnr.com/ec6e1a573dde92117986911e9c097f0b/GettyImages-462416635.jpg
CLT,CLT,https://content.skyscnr.com/ec6e1a573dde92117986911e9c097f0b/GettyImages-462416635.jpg
SLC,RZV,https://content.skyscnr.com/e0a42512a8f7baba699430c43d90e339/GettyImages-465582049.jpg
BNA,BNA,https://content.skyscnr.com/ec6e1a573dde92117986911e9c097f0b/GettyImages-462416635.jpg
AUS,AUS,https://content.skyscnr.com/ec6e1a573dde92117986911e9c097f0b/GettyImages-462416635.jpg
MSY,MSY,https://content.skyscnr.com/4256a18a3673a5f3926fc37bb2b80beb/GettyImages-517678055.jpg
RDU,RDU,https://content.skyscnr.com/e0a42512a8f7baba699430c43d90e339/GettyImages-465582049.jpg
STL,RZV,https://content.skyscnr.com/1774d53524a0a485c5c990678a472cf6/GettyImages-503612842.jpg
MCI,MCI,https://content.skyscnr.com/0012f421f0682d22815185912d6e105c/GettyImages-481711830.jpg
CLE,CLE,https://content.skyscnr.com/ec26cc7ac3371abc1b8ea45df0b88791/GettyImages-480882769.jpg
PIT,PIS,https://content.skyscnr.com/ec26cc7ac3371abc1b8ea45df0b88791/GettyImages-480882769.jpg
CVG,CVG,https://content.skyscnr.com/ec26cc7ac3371abc1b8ea45df0b88791/GettyImages-480882769.jpg
IND,IND,https://content.skyscnr.com/6ee766b3cf0f075d4f8bc2cab3471747/GettyImages-475444191.jpg
CMH,CMH,https://content.skyscnr.com/m/4bead20c4361686/original/GettyImages-148613833-Saudi-Arabia.jpeg
SAT,RZV,https://content.skyscnr.com/m/4bead20c4361686/original/GettyImages-148613833-Saudi-Arabia.jpeg
SMF,RZV,https://content.skyscnr.com/m/4bead20c4361686/original/GettyImages-148613833-Saudi-Arabia.jpeg
SJC,RZV,https://content.skyscnr.com/aa63694be729955d3709259f1cd989ea/GettyImages-484018307.jpg
OAK,OAK,https://content.skyscnr.com/aa63694be729955d3709259f1cd989ea/GettyImages-484018307.jpg
YYZ,RZV,https://content.skyscnr.com/db465e93dcaad614e9bfcaddb5865e36/GettyImages-505777764.jpg
YVR,RZV,https://content.skyscnr.com/0e13dd0394a185394d5f95a264f7a91e/GettyImages-488017022.jpg
YUL,RZV,https://content.skyscnr.com/0e13dd0394a185394d5f95a264f7a91e/GettyImages-488017022.jpg
YYC,RZV,https://content.skyscnr.com/afeafa38f5fb83923c9c58f78bdc195c/GettyImages-185526100.jpg
YEG,RZV,https://content.skyscnr.com/5e4a1d8925d4eb1e09b6e67944054d51/GettyImages-480145073.jpg
YOW,RZV,https://content.skyscnr.com/a6f52c4479a7e3a1d6fe71b924a2b039/GettyImages-454231583.jpg
YWG,RZV,https://content.skyscnr.com/7815bd951e38c30da006f80f2000aa2b/GettyImages-533574555.jpg
YHZ,RZV,https://content.skyscnr.com/0c1b0ffcf42566b18ce3934ccf32c415/GettyImages-136909106.jpg
YQB,RZV,https://content.skyscnr.com/m/4bead20c4361686/original/GettyImages-148613833-Saudi-Arabia.jpeg
MEX,MEX,https://content.skyscnr.com/34f61dd7f8deb4059c12b0b8de9ee002/GettyImages-472229890.jpg
CUN,CUN,https://content.skyscnr.com/1017dd4cef7a773021e1b335b3410d30/GettyImages-487828389.jpg
GDL,GDL,https://content.skyscnr.com/0c1b0ffcf42566b18ce3934ccf32c415/GettyImages-136909106.jpg
MTY,MTY,https://content.skyscnr.com/e0241c97c2b33b71e9c278bc89bb17ed/GettyImages-178640523.jpg
TIJ,RZV,https://content.skyscnr.com/0c1b0ffcf42566b18ce3934ccf32c415/GettyImages-136909106.jpg
SJD,RZV,https://content.skyscnr.com/1017dd4cef7a773021e1b335b3410d30/GettyImages-487828389.jpg
PVR,PVR,https://content.skyscnr.com/d23308b5729b733820564edb659313d2/GettyImages-474693922.jpg
MZT,MZT,https://content.skyscnr.com/16636d692d5905702ad23e3d35c65e48/GettyImages-178367416.jpg
GRU,GRU,https://content.skyscnr.com/f348d79cfdf70286dc759d24618a23c3/GettyImages-182281845.jpg
GIG,GIG,https://content.skyscnr.com/f348d79cfdf70286dc759d24618a23c3/GettyImages-182281845.jpg
BSB,BSB,https://content.skyscnr.com/f348d79cfdf70286dc759d24618a23c3/GettyImages-182281845.jpg
SSA,RZV,https://content.skyscnr.com/e0241c97c2b33b71e9c278bc89bb17ed/GettyImages-178640523.jpg
REC,REC,https://content.skyscnr.com/e0241c97c2b33b71e9c278bc89bb17ed/GettyImages-178640523.jpg
FOR,FOR,https://content.skyscnr.com/917a21468839141dd406892864a9f52e/GettyImages-490614171.jpg
POA,POA,https://content.skyscnr.com/f348d79cfdf70286dc759d24618a23c3/GettyImages-182281845.jpg
CNF,CNF,https://content.skyscnr.com/f348d79cfdf70286dc759d24618a23c3/GettyImages-182281845.jpg
EZE,EZE,https://content.skyscnr.com/16636d692d5905702ad23e3d35c65e48/GettyImages-178367416.jpg
AEP,AEP,https://content.skyscnr.com/16636d692d5905702ad23e3d35c65e48/GettyImages-178367416.jpg
COR,COR,https://content.skyscnr.com/3d9991cce5c6c4933f8ec0969785cc4c/GettyImages-100590065.jpg
MDZ,MDZ,https://content.skyscnr.com/f348d79cfdf70286dc759d24618a23c3/GettyImages-182281845.jpg
SCL,RZV,https://content.skyscnr.com/0c1b0ffcf42566b18ce3934ccf32c415/GettyImages-136909106.jpg
LIM,LIM,https://content.skyscnr.com/26babb582bc1d7572fed1877d7f81fa6/GettyImages-181391203.jpg
CUZ,CUZ,https://content.skyscnr.com/26babb582bc1d7572fed1877d7f81fa6/GettyImages-181391203.jpg
BOG,BOG,https://content.skyscnr.com/f348d79cfdf70286dc759d24618a23c3/GettyImages-182281845.jpg
MDE,MDE,https://content.skyscnr.com/26babb582bc1d7572fed1877d7f81fa6/GettyImages-181391203.jpg
CLO,CLO,https://content.skyscnr.com/f348d79cfdf70286dc759d24618a23c3/GettyImages-182281845.jpg
CTG,CTG,https://content.skyscnr.com/f348d79cfdf70286dc759d24618a23c3/GettyImages-182281845.jpg
UIO,RZV,https://content.skyscnr.com/ff74ff6df34c2b06f6f895e14fe32512/GettyImages-100891056.jpg
GYE,GYE,https://content.skyscnr.com/f348d79cfdf70286dc759d24618a23c3/GettyImages-182281845.jpg
CCS,CCS,https://content.skyscnr.com/bdea895ca2746a767312cb9ff9ab9186/GettyImages-502736148.jpg
PTY,PTY,https://content.skyscnr.com/f348d79cfdf70286dc759d24618a23c3/GettyImages-182281845.jpg
SJO,RZV,https://content.skyscnr.com/f348d79cfdf70286dc759d24618a23c3/GettyImages-182281845.jpg
SAL,RZV,https://content.skyscnr.com/f348d79cfdf70286dc759d24618a23c3/GettyImages-182281845.jpg
GUA,GUA,https://content.skyscnr.com/917a21468839141dd406892864a9f52e/GettyImages-490614171.jpg
MGA,MGA,https://content.skyscnr.com/f348d79cfdf70286dc759d24618a23c3/GettyImages-182281845.jpg
NRT,NRT,https://content.skyscnr.com/d23308b5729b733820564edb659313d2/GettyImages-474693922.jpg
HND,HND,https://content.skyscnr.com/d23308b5729b733820564edb659313d2/GettyImages-474693922.jpg
KIX,KIX,https://content.skyscnr.com/d23308b5729b733820564edb659313d2/GettyImages-474693922.jpg
ITM,ITM,https://content.skyscnr.com/acc18b20b3d6fc6edee095dc709c2e8a/GettyImages-516505363.jpg
NGO,NGO,https://content.skyscnr.com/12b715db2fe88a58ee57ae99b985b32a/GettyImages-153734070.jpg
FUK,FUK,https://content.skyscnr.com/12b715db2fe88a58ee57ae99b985b32a/GettyImages-153734070.jpg
CTS,CTS,https://content.skyscnr.com/12b715db2fe88a58ee57ae99b985b32a/GettyImages-153734070.jpg
OKA,OKA,https://content.skyscnr.com/12b715db2fe88a58ee57ae99b985b32a/GettyImages-153734070.jpg
HIJ,HIJ,https://content.skyscnr.com/12b715db2fe88a58ee57ae99b985b32a/GettyImages-153734070.jpg
SDJ,RZV,https://content.skyscnr.com/12b715db2fe88a58ee57ae99b985b32a/GettyImages-153734070.jpg
ICN,ICN,https://content.skyscnr.com/12b715db2fe88a58ee57ae99b985b32a/GettyImages-153734070.jpg
GMP,GMP,https://content.skyscnr.com/12b715db2fe88a58ee57ae99b985b32a/GettyImages-153734070.jpg
PUS,PUS,https://content.skyscnr.com/69907554dc47aab9e74edf172e01fb44/GettyImages-516984709.jpg
CJU,CJU,https://content.skyscnr.com/69907554dc47aab9e74edf172e01fb44/GettyImages-516984709.jpg
PEK,PEK,https://content.skyscnr.com/e2ef29b11c3586421a32b14b9951b01c/gettyimages-673156625.jpg
PKX,PKX,https://content.skyscnr.com/d8b51b5ac10c64a8e76d2dfa2eff063b/GettyImages-123180405.jpg
PVG,PVG,https://content.skyscnr.com/dd114ccd4424789005cbd0f6cd8881e1/GettyImages-131906563.jpg
SHA,RZV,https://content.skyscnr.com/dd114ccd4424789005cbd0f6cd8881e1/GettyImages-131906563.jpg
CAN,CAN,https://content.skyscnr.com/dd114ccd4424789005cbd0f6cd8881e1/GettyImages-131906563.jpg
SZX,RZV,https://content.skyscnr.com/ec6e1a573dde92117986911e9c097f0b/GettyImages-462416635.jpg
CTU,CTU,https://content.skyscnr.com/ec6e1a573dde92117986911e9c097f0b/GettyImages-462416635.jpg
XIY,RZV,https://content.skyscnr.com/ec6e1a573dde92117986911e9c097f0b/GettyImages-462416635.jpg
CKG,CKG,https://content.skyscnr.com/e0a42512a8f7baba699430c43d90e339/GettyImages-465582049.jpg
KMG,KMG,https://content.skyscnr.com/ec6e1a573dde92117986911e9c097f0b/GettyImages-462416635.jpg
HGH,HGH,https://content.skyscnr.com/ec6e1a573dde92117986911e9c097f0b/GettyImages-462416635.jpg
WUH,RZV,https://content.skyscnr.com/4256a18a3673a5f3926fc37bb2b80beb/GettyImages-517678055.jpg
HKG,HKG,https://content.skyscnr.com/e0a42512a8f7baba699430c43d90e339/GettyImages-465582049.jpg
TPE,RZV,https://content.skyscnr.com/1774d53524a0a485c5c990678a472cf6/GettyImages-503612842.jpg
TSA,RZV,https://content.skyscnr.com/0012f421f0682d22815185912d6e105c/GettyImages-481711830.jpg
KHH,KHH,https://content.skyscnr.com/ec26cc7ac3371abc1b8ea45df0b88791/GettyImages-480882769.jpg
BKK,BKK,https://content.skyscnr.com/ec26cc7ac3371abc1b8ea45df0b88791/GettyImages-480882769.jpg
DMK,DMK,https://content.skyscnr.com/ec26cc7ac3371abc1b8ea45df0b88791/GettyImages-480882769.jpg
HKT,HKT,https://content.skyscnr.com/6ee766b3cf0f075d4f8bc2cab3471747/GettyImages-475444191.jpg
CNX,CNX,https://content.skyscnr.com/m/4bead20c4361686/original/GettyImages-148613833-Saudi-Arabia.jpeg
SIN,RZV,https://content.skyscnr.com/m/4bead20c4361686/original/GettyImages-148613833-Saudi-Arabia.jpeg
KUL,KUL,https://content.skyscnr.com/m/4bead20c4361686/original/GettyImages-148613833-Saudi-Arabia.jpeg
PEN,PEN,https://content.skyscnr.com/aa63694be729955d3709259f1cd989ea/GettyImages-484018307.jpg
LGK,LGK,https://content.skyscnr.com/aa63694be729955d3709259f1cd989ea/GettyImages-484018307.jpg
CGK,CGK,https://content.skyscnr.com/db465e93dcaad614e9bfcaddb5865e36/GettyImages-505777764.jpg
DPS,DPS,https://content.skyscnr.com/0e13dd0394a185394d5f95a264f7a91e/GettyImages-488017022.jpg
SUB,RZV,https://content.skyscnr.com/0e13dd0394a185394d5f95a264f7a91e/GettyImages-488017022.jpg
MNL,MNL,https://content.skyscnr.com/afeafa38f5fb83923c9c58f78bdc195c/GettyImages-185526100.jpg
CEB,CEB,https://content.skyscnr.com/5e4a1d8925d4eb1e09b6e67944054d51/GettyImages-480145073.jpg
CRK,CRK,https://content.skyscnr.com/a6f52c4479a7e3a1d6fe71b924a2b039/GettyImages-454231583.jpg
SGN,RZV,https://content.skyscnr.com/7815bd951e38c30da006f80f2000aa2b/GettyImages-533574555.jpg
HAN,HAN,https://content.skyscnr.com/0c1b0ffcf42566b18ce3934ccf32c415/GettyImages-136909106.jpg
DAD,DAD,https://content.skyscnr.com/m/4bead20c4361686/original/GettyImages-148613833-Saudi-Arabia.jpeg
RGN,RGN,https://content.skyscnr.com/34f61dd7f8deb4059c12b0b8de9ee002/GettyImages-472229890.jpg
PNH,PNH,https://content.skyscnr.com/1017dd4cef7a773021e1b335b3410d30/GettyImages-487828389.jpg
REP,REN,https://content.skyscnr.com/0c1b0ffcf42566b18ce3934ccf32c415/GettyImages-136909106.jpg
VTE,RZV,https://content.skyscnr.com/e0241c97c2b33b71e9c278bc89bb17ed/GettyImages-178640523.jpg
DEL,DEL,https://content.skyscnr.com/0c1b0ffcf42566b18ce3934ccf32c415/GettyImages-136909106.jpg
BOM,BOM,https://content.skyscnr.com/1017dd4cef7a773021e1b335b3410d30/GettyImages-487828389.jpg
BLR,BLR,https://content.skyscnr.com/d23308b5729b733820564edb659313d2/GettyImages-474693922.jpg
MAA,MAA,https://content.skyscnr.com/16636d692d5905702ad23e3d35c65e48/GettyImages-178367416.jpg
CCU,CCU,https://content.skyscnr.com/f348d79cfdf70286dc759d24618a23c3/GettyImages-182281845.jpg
HYD,HYD,https://content.skyscnr.com/f348d79cfdf70286dc759d24618a23c3/GettyImages-182281845.jpg
COK,COK,https://content.skyscnr.com/f348d79cfdf70286dc759d24618a23c3/GettyImages-182281845.jpg
GOI,GOI,https://content.skyscnr.com/e0241c97c2b33b71e9c278bc89bb17ed/GettyImages-178640523.jpg
AMD,AMD,https://content.skyscnr.com/e0241c97c2b33b71e9c278bc89bb17ed/GettyImages-178640523.jpg
PNQ,PNQ,https://content.skyscnr.com/917a21468839141dd406892864a9f52e/GettyImages-490614171.jpg
CMB,CMB,https://content.skyscnr.com/f348d79cfdf70286dc759d24618a23c3/GettyImages-182281845.jpg
DAC,DAC,https://content.skyscnr.com/f348d79cfdf70286dc759d24618a23c3/GettyImages-182281845.jpg
KTM,KTM,https://content.skyscnr.com/16636d692d5905702ad23e3d35c65e48/GettyImages-178367416.jpg
ISB,ISB,https://content.skyscnr.com/16636d692d5905702ad23e3d35c65e48/GettyImages-178367416.jpg
KHI,KHI,https://content.skyscnr.com/3d9991cce5c6c4933f8ec0969785cc4c/GettyImages-100590065.jpg
LHE,LHE,https://content.skyscnr.com/f348d79cfdf70286dc759d24618a23c3/GettyImages-182281845.jpg
DXB,DXB,https://content.skyscnr.com/0c1b0ffcf42566b18ce3934ccf32c415/GettyImages-136909106.jpg
AUH,AUH,https://content.skyscnr.com/26babb582bc1d7572fed1877d7f81fa6/GettyImages-181391203.jpg
SHJ,RZV,https://content.skyscnr.com/26babb582bc1d7572fed1877d7f81fa6/GettyImages-181391203.jpg
DOH,DOH,https://content.skyscnr.com/f348d79cfdf70286dc759d24618a23c3/GettyImages-182281845.jpg
KWI,KWI,https://content.skyscnr.com/26babb582bc1d7572fed1877d7f81fa6/GettyImages-181391203.jpg
BAH,BAH,https://content.skyscnr.com/f348d79cfdf70286dc759d24618a23c3/GettyImages-182281845.jpg
MCT,MCT,https://content.skyscnr.com/f348d79cfdf70286dc759d24618a23c3/GettyImages-182281845.jpg
RUH,RUH,https://content.skyscnr.com/ff74ff6df34c2b06f6f895e14fe32512/GettyImages-100891056.jpg
JED,JED,https://content.skyscnr.com/f348d79cfdf70286dc759d24618a23c3/GettyImages-182281845.jpg
DMM,DMM,https://content.skyscnr.com/bdea895ca2746a767312cb9ff9ab9186/GettyImages-502736148.jpg
AMM,AMM,https://content.skyscnr.com/f348d79cfdf70286dc759d24618a23c3/GettyImages-182281845.jpg
BEY,BEY,https://content.skyscnr.com/f348d79cfdf70286dc759d24618a23c3/GettyImages-182281845.jpg
SYD,RZV,https://content.skyscnr.com/f348d79cfdf70286dc759d24618a23c3/GettyImages-182281845.jpg
MEL,MEL,https://content.skyscnr.com/917a21468839141dd406892864a9f52e/GettyImages-490614171.jpg
BNE,BNE,https://content.skyscnr.com/f348d79cfdf70286dc759d24618a23c3/GettyImages-182281845.jpg
PER,PER,https://content.skyscnr.com/d23308b5729b733820564edb659313d2/GettyImages-474693922.jpg
ADL,ADL,https://content.skyscnr.com/d23308b5729b733820564edb659313d2/GettyImages-474693922.jpg
CNS,CNS,https://content.skyscnr.com/d23308b5729b733820564edb659313d2/GettyImages-474693922.jpg
OOL,OOL,https://content.skyscnr.com/acc18b20b3d6fc6edee095dc709c2e8a/GettyImages-516505363.jpg
CBR,CBR,https://content.skyscnr.com/12b715db2fe88a58ee57ae99b985b32a/GettyImages-153734070.jpg
HBA,HBA,https://content.skyscnr.com/12b715db2fe88a58ee57ae99b985b32a/GettyImages-153734070.jpg
DRW,DRW,https://content.skyscnr.com/12b715db2fe88a58ee57ae99b985b32a/GettyImages-153734070.jpg
AKL,AKL,https://content.skyscnr.com/12b715db2fe88a58ee57ae99b985b32a/GettyImages-153734070.jpg
CHC,CHC,https://content.skyscnr.com/12b715db2fe88a58ee57ae99b985b32a/GettyImages-153734070.jpg
WLG,RZV,https://content.skyscnr.com/12b715db2fe88a58ee57ae99b985b32a/GettyImages-153734070.jpg
ZQN,RZV,https://content.skyscnr.com/12b715db2fe88a58ee57ae99b985b32a/GettyImages-153734070.jpg
NAN,NAN,https://content.skyscnr.com/12b715db2fe88a58ee57ae99b985b32a/GettyImages-153734070.jpg
PPT,PPT,https://content.skyscnr.com/69907554dc47aab9e74edf172e01fb44/GettyImages-516984709.jpg
HNL,HNL,https://content.skyscnr.com/69907554dc47aab9e74edf172e01fb44/GettyImages-516984709.jpg
GUM,GUM,https://content.skyscnr.com/e2ef29b11c3586421a32b14b9951b01c/gettyimages-673156625.jpg
JNB,JNB,https://content.skyscnr.com/d8b51b5ac10c64a8e76d2dfa2eff063b/GettyImages-123180405.jpg
CPT,CPT,https://content.skyscnr.com/dd114ccd4424789005cbd0f6cd8881e1/GettyImages-131906563.jpg
DUR,DUR,https://content.skyscnr.com/dd114ccd4424789005cbd0f6cd8881e1/GettyImages-131906563.jpg
NBO,NBO,https://content.skyscnr.com/dd114ccd4424789005cbd0f6cd8881e1/GettyImages-131906563.jpg
MBA,MBA,https://content.skyscnr.com/ec6e1a573dde92117986911e9c097f0b/GettyImages-462416635.jpg
ADD,ADD,https://content.skyscnr.com/ec6e1a573dde92117986911e9c097f0b/GettyImages-462416635.jpg
DAR,DAR,https://content.skyscnr.com/ec6e1a573dde92117986911e9c097f0b/GettyImages-462416635.jpg
JRO,JRO,https://content.skyscnr.com/e0a42512a8f7baba699430c43d90e339/GettyImages-465582049.jpg
LOS,LOS,https://content.skyscnr.com/ec6e1a573dde92117986911e9c097f0b/GettyImages-462416635.jpg
ABV,ABV,https://content.skyscnr.com/ec6e1a573dde92117986911e9c097f0b/GettyImages-462416635.jpg
ACC,ACC,https://content.skyscnr.com/4256a18a3673a5f3926fc37bb2b80beb/GettyImages-517678055.jpg
CMN,CMN,https://content.skyscnr.com/e0a42512a8f7baba699430c43d90e339/GettyImages-465582049.jpg
RAK,RAK,https://content.skyscnr.com/1774d53524a0a485c5c990678a472cf6/GettyImages-503612842.jpg
TUN,RZV,https://content.skyscnr.com/0012f421f0682d22815185912d6e105c/GettyImages-481711830.jpg
ALG,ALG,https://content.skyscnr.com/ec26cc7ac3371abc1b8ea45df0b88791/GettyImages-480882769.jpg
MRU,MRU,https://content.skyscnr.com/ec26cc7ac3371abc1b8ea45df0b88791/GettyImages-480882769.jpg
SEZ,RZV,https://content.skyscnr.com/ec26cc7ac3371abc1b8ea45df0b88791/GettyImages-480882769.jpg
TNR,RZV,https://content.skyscnr.com/6ee766b3cf0f075d4f8bc2cab3471747/GettyImages-475444191.jpg
MPM,MPM,https://content.skyscnr.com/m/4bead20c4361686/original/GettyImages-148613833-Saudi-Arabia.jpeg
WDH,RZV,https://content.skyscnr.com/m/4bead20c4361686/original/GettyImages-148613833-Saudi-Arabia.jpeg
GBE,GBE,https://content.skyscnr.com/m/4bead20c4361686/original/GettyImages-148613833-Saudi-Arabia.jpeg
HRE,HRE,https://content.skyscnr.com/aa63694be729955d3709259f1cd989ea/GettyImages-484018307.jpg
LUN,LUN,https://content.skyscnr.com/aa63694be729955d3709259f1cd989ea/GettyImages-484018307.jpg
BLZ,BLZ,https://content.skyscnr.com/db465e93dcaad614e9bfcaddb5865e36/GettyImages-505777764.jpg
ABJ,ABJ,https://content.skyscnr.com/0e13dd0394a185394d5f95a264f7a91e/GettyImages-488017022.jpg
DKR,DKA,https://content.skyscnr.com/0e13dd0394a185394d5f95a264f7a91e/GettyImages-488017022.jpg
LFW,LFW,https://content.skyscnr.com/afeafa38f5fb83923c9c58f78bdc195c/GettyImages-185526100.jpg
COO,COO,https://content.skyscnr.com/5e4a1d8925d4eb1e09b6e67944054d51/GettyImages-480145073.jpg
NIM,NIM,https://content.skyscnr.com/a6f52c4479a7e3a1d6fe71b924a2b039/GettyImages-454231583.jpg
OUA,OUA,https://content.skyscnr.com/7815bd951e38c30da006f80f2000aa2b/GettyImages-533574555.jpg
BKO,BKO,https://content.skyscnr.com/0c1b0ffcf42566b18ce3934ccf32c415/GettyImages-136909106.jpg
RBA,RBA,https://content.skyscnr.com/m/4bead20c4361686/original/GettyImages-148613833-Saudi-Arabia.jpeg
AGA,AGA,https://content.skyscnr.com/34f61dd7f8deb4059c12b0b8de9ee002/GettyImages-472229890.jpg
FEZ,FEZ,https://content.skyscnr.com/1017dd4cef7a773021e1b335b3410d30/GettyImages-487828389.jpg
TNG,RZV,https://content.skyscnr.com/0c1b0ffcf42566b18ce3934ccf32c415/GettyImages-136909106.jpg
NDJ,NDJ,https://content.skyscnr.com/e0241c97c2b33b71e9c278bc89bb17ed/GettyImages-178640523.jpg
BGF,BGF,https://content.skyscnr.com/0c1b0ffcf42566b18ce3934ccf32c415/GettyImages-136909106.jpg
KGL,KGL,https://content.skyscnr.com/1017dd4cef7a773021e1b335b3410d30/GettyImages-487828389.jpg
BJM,BJM,https://content.skyscnr.com/d23308b5729b733820564edb659313d2/GettyImages-474693922.jpg
EBB,EBB,https://content.skyscnr.com/16636d692d5905702ad23e3d35c65e48/GettyImages-178367416.jpg
JUB,JUB,https://content.skyscnr.com/f348d79cfdf70286dc759d24618a23c3/GettyImages-182281845.jpg
KRT,KRT,https://content.skyscnr.com/f348d79cfdf70286dc759d24618a23c3/GettyImages-182281845.jpg
ASM,ASM,https://content.skyscnr.com/f348d79cfdf70286dc759d24618a23c3/GettyImages-182281845.jpg
MGQ,MGQ,https://content.skyscnr.com/e0241c97c2b33b71e9c278bc89bb17ed/GettyImages-178640523.jpg
MQX,MQX,https://content.skyscnr.com/e0241c97c2b33b71e9c278bc89bb17ed/GettyImages-178640523.jpg